INSERT INTO tRegion VALUES 
    ('Alsace'),
    ('Aquitaine'),
    ('Auvergne'),
    ('Basse-Normandie'),
    ('Bourgogne'),
    ('Bretagne'),
    ('Centre'),
    ('Champagne-Ardenne'),
    ('Corse'),
    ('Franche-Comté'),
    ('Haute-Normandie'),
    ('Ile-de-France'),
    ('Languedoc-Roussillon'),
    ('Limousin'),
    ('Lorraine'),
    ('Midi-Pyrénées'),
    ('Nord-Pas-de-Calais'),
    ('Pays de la Loire'),
    ('Picardie'),
    ('Poitou-Charentes'),
    ('Provence-Alpes-Côte d’Azur'),
    ('Rhône-Alpes'),
    ('Outre-mer');
    
INSERT INTO tDepartement (nom, fkregion, numero) VALUES
    ('Ain','Rhône-Alpes','01'),
    ('Aisne','Picardie','02'),
    ('Allier','Auvergne','03'),
    ('Alpes de Hautes-Provence','Provence-Alpes-Côte d’Azur','04'),
    ('Hautes-Alpes','Provence-Alpes-Côte d’Azur','05'),
    ('Alpes-Maritimes','Provence-Alpes-Côte d’Azur','06'),
    ('Ardèche','Rhône-Alpes','07'),
    ('Ardennes','Champagne-Ardenne','08'),
    ('Ariège','Midi-Pyrénées','09'),
    ('Aube','Champagne-Ardenne','10'),
    ('Aude','Languedoc-Roussillon','11'),
    ('Aveyron','Midi-Pyrénées','12'),
    ('Bouches-du-Rhône','Provence-Alpes-Côte d’Azur','13'),
    ('Calvados','Basse-Normandie','14'),
    ('Cantal','Auvergne','15'),
    ('Charente','Poitou-Charentes','16'),
    ('Charente-Maritime','Poitou-Charentes','17'),
    ('Cher','Centre','18'),
    ('Corrèze','Limousin','19'),
    ('Corse-du-Sud','Corse','2A'),
    ('Haute-Corse','Corse','2B'),
    ('Côte-d’Or','Bourgogne','21'),
    ('Côtes d’Armor','Bretagne','22'),
    ('Creuse','Limousin','23'),
    ('Dordogne','Aquitaine','24'),
    ('Doubs','Franche-Comté','25'),
    ('Drôme','Rhône-Alpes','26'),
    ('Eure','Haute-Normandie','27'),
    ('Eure-et-Loir','Centre','28'),
    ('Finistère','Bretagne','29'),
    ('Gard','Languedoc-Roussillon','30'),
    ('Haute-Garonne','Midi-Pyrénées','31'),
    ('Gers','Midi-Pyrénées','32'),
    ('Gironde','Aquitaine','33'),
    ('Hérault','Languedoc-Roussillon','34'),
    ('Ille-et-Vilaine','Bretagne','35'),
    ('Indre','Centre','36'),
    ('Indre-et-Loire','Centre','37'),
    ('Isère','Rhône-Alpes','38'),
    ('Jura','Franche-Comté','39'),
    ('Landes','Aquitaine','40'),
    ('Loir-et-Cher','Centre','41'),
    ('Loire','Rhône-Alpes','42'),
    ('Haute-Loire','Auvergne','43'),
    ('Loire-Atlantique','Pays de la Loire','44'),
    ('Loiret','Centre','45'),
    ('Lot','Midi-Pyrénées','46'),
    ('Lot-et-Garonne','Aquitaine','47'),
    ('Lozère','Languedoc-Roussillon','48'),
    ('Maine-et-Loire','Pays de la Loire','49'),
    ('Manche','Basse-Normandie','50'),
    ('Marne','Champagne-Ardenne','51'),
    ('Haute-Marne','Champagne-Ardenne','52'),
    ('Mayenne','Pays de la Loire','53'),
    ('Meurthe-et-Moselle','Lorraine','54'),
    ('Meuse','Lorraine','55'),
    ('Morbihan','Bretagne','56'),
    ('Moselle','Lorraine','57'),
    ('Nièvre','Bourgogne','58'),
    ('Nord','Nord-Pas-de-Calais','59'),
    ('Oise','Picardie','60'),
    ('Orne','Basse-Normandie','61'),
    ('Pas-de-Calais','Nord-Pas-de-Calais','62'),
    ('Puy-de-Dôme','Auvergne','63'),
    ('Pyrénées-Atlantiques','Aquitaine','64'),
    ('Hautes-Pyrénées','Midi-Pyrénées','65'),
    ('Pyrénées-Orientales','Languedoc-Roussillon','66'),
    ('Bas-Rhin','Alsace','67'),
    ('Haut-Rhin','Alsace','68'),
    ('Rhône','Rhône-Alpes','69'),
    ('Haute-Saône','Franche-Comté','70'),
    ('Saône-et-Loire','Bourgogne','71'),
    ('Sarthe','Pays de la Loire','72'),
    ('Savoie','Rhône-Alpes','73'),
    ('Haute-Savoie','Rhône-Alpes','74'),
    ('Paris','Ile-de-France','75'),
    ('Seine-Maritime','Haute-Normandie','76'),
    ('Seine-et-Marne','Ile-de-France','77'),
    ('Yvelines','Ile-de-France','78'),
    ('Deux-Sèvres','Poitou-Charentes','79'),
    ('Somme','Picardie','80'),
    ('Tarn','Midi-Pyrénées','81'),
    ('Tarn-et-Garonne','Midi-Pyrénées','82'),
    ('Var','Provence-Alpes-Côte d’Azur','83'),
    ('Vaucluse','Provence-Alpes-Côte d’Azur','84'),
    ('Vendée','Pays de la Loire','85'),
    ('Vienne','Poitou-Charentes','86'),
    ('Haute-Vienne','Limousin','87'),
    ('Vosges','Lorraine','88'),
    ('Yonne','Bourgogne','89'),
    ('Territoire-de-Belfort','Franche-Comté','90'),
    ('Essonne','Ile-de-France','91'),
    ('Hauts-de-Seine','Ile-de-France','92'),
    ('Seine-Saint-Denis','Ile-de-France','93'),
    ('Val-de-Marne','Ile-de-France','94'),
    ('Val-d’Oise','Ile-de-France','95');

INSERT INTO tLieu (couverture, nom) VALUES
   ('TRUE', 'Compiègne'),
   ('TRUE', 'Paris'),
   ('TRUE', 'Brest'),
   ('TRUE', 'Jura'),
   ('TRUE', 'Alpes');

INSERT INTO tVille (fkDepartement, fkLieu) VALUES
   ('Oise', 'Compiègne'),
   ('Paris', 'Paris'),
   ('Finistère', 'Brest');

INSERT INTO tMassif (fkLieu) VALUES
   ('Jura'),
   ('Alpes');

INSERT INTO tCapteur (id, typeCapteur) VALUES
   ('PL001', 'précipitations'),
   ('TMP002', 'température'),
   ('VE003', 'vent'),
   ('PL004', 'précipitations'),
   ('TMP005', 'température'),
   ('VE006', 'vent'),
   ('PL007', 'précipitations'),
   ('TMP008', 'température'),
   ('VE009', 'vent'),
   ('PL010', 'précipitations'),
   ('TMP011', 'température'),
   ('VE012', 'vent'),
   ('PL013', 'précipitations'),
   ('TMP014', 'température'),
   ('VE015', 'vent');

INSERT INTO tAffectation (dateDebut, dateFin, id, nom) VALUES
   ('2010-01-01', '2020-12-31', 'PL001', 'Compiègne'),
   ('2010-01-01', '2020-12-31', 'TMP002', 'Compiègne'),
   ('2010-01-01', '2020-12-31', 'VE003', 'Compiègne'),
   ('2010-01-01', '2020-12-31', 'PL004', 'Paris'),
   ('2010-01-01', '2020-12-31', 'TMP005', 'Paris'),
   ('2010-01-01', '2020-12-31', 'VE006', 'Paris'),
   ('2010-01-01', '2020-12-31', 'PL007', 'Brest'),
   ('2010-01-01', '2020-12-31', 'TMP008', 'Brest'),
   ('2010-01-01', '2020-12-31', 'VE009', 'Brest'),
   ('2010-01-01', '2020-12-31', 'PL010', 'Jura'),
   ('2010-01-01', '2020-12-31', 'TMP011', 'Jura'),
   ('2010-01-01', '2020-12-31', 'VE012', 'Jura'),
   ('2010-01-01', '2020-12-31', 'PL013', 'Alpes'),
   ('2010-01-01', '2020-12-31', 'TMP014', 'Alpes'),
   ('2010-01-01', '2020-12-31', 'VE015', 'Alpes');

INSERT INTO tjMassifDepartement (departement, massif) VALUES
   ('Jura', 'Jura'),
   ('Savoie', 'Alpes'),
   ('Haute-Savoie', 'Alpes');

INSERT INTO tBulletin (dateBulletin, lieu, periode) VALUES
   ('2013-6-16', 'Compiègne', 'matin'),
   ('2013-6-16', 'Compiègne', 'après-midi'),
   ('2013-6-16', 'Compiègne', 'soirée'),
   ('2013-6-16', 'Compiègne', 'nuit'),
   ('2013-6-16', 'Paris', 'matin'),
   ('2013-6-16', 'Paris', 'après-midi'),
   ('2013-6-16', 'Paris', 'soirée'),
   ('2013-6-16', 'Paris', 'nuit'),
   ('2013-6-16', 'Brest', 'matin'),
   ('2013-6-16', 'Brest', 'après-midi'),
   ('2013-6-16', 'Brest', 'soirée'),
   ('2013-6-16', 'Brest', 'nuit'),
   ('2013-6-16', 'Jura', 'matin'),
   ('2013-6-16', 'Jura', 'après-midi'),
   ('2013-6-16', 'Jura', 'soirée'),
   ('2013-6-16', 'Jura', 'nuit'),
   ('2013-6-16', 'Alpes', 'matin'),
   ('2013-6-16', 'Alpes', 'après-midi'),
   ('2013-6-16', 'Alpes', 'soirée'),
   ('2013-6-16', 'Alpes', 'nuit'),
   ('2013-6-17', 'Compiègne', 'matin'),
   ('2013-6-17', 'Compiègne', 'après-midi'),
   ('2013-6-17', 'Compiègne', 'soirée'),
   ('2013-6-17', 'Compiègne', 'nuit'),
   ('2013-6-17', 'Paris', 'matin'),
   ('2013-6-17', 'Paris', 'après-midi'),
   ('2013-6-17', 'Paris', 'soirée'),
   ('2013-6-17', 'Paris', 'nuit'),
   ('2013-6-17', 'Brest', 'matin'),
   ('2013-6-17', 'Brest', 'après-midi'),
   ('2013-6-17', 'Brest', 'soirée'),
   ('2013-6-17', 'Brest', 'nuit'),
   ('2013-6-17', 'Jura', 'matin'),
   ('2013-6-17', 'Jura', 'après-midi'),
   ('2013-6-17', 'Jura', 'soirée'),
   ('2013-6-17', 'Jura', 'nuit'),
   ('2013-6-17', 'Alpes', 'matin'),
   ('2013-6-17', 'Alpes', 'après-midi'),
   ('2013-6-17', 'Alpes', 'soirée'),
   ('2013-6-17', 'Alpes', 'nuit'),
   ('2013-6-18', 'Compiègne', 'matin'),
   ('2013-6-18', 'Compiègne', 'après-midi'),
   ('2013-6-18', 'Compiègne', 'soirée'),
   ('2013-6-18', 'Compiègne', 'nuit'),
   ('2013-6-18', 'Paris', 'matin'),
   ('2013-6-18', 'Paris', 'après-midi'),
   ('2013-6-18', 'Paris', 'soirée'),
   ('2013-6-18', 'Paris', 'nuit'),
   ('2013-6-18', 'Brest', 'matin'),
   ('2013-6-18', 'Brest', 'après-midi'),
   ('2013-6-18', 'Brest', 'soirée'),
   ('2013-6-18', 'Brest', 'nuit'),
   ('2013-6-18', 'Jura', 'matin'),
   ('2013-6-18', 'Jura', 'après-midi'),
   ('2013-6-18', 'Jura', 'soirée'),
   ('2013-6-18', 'Jura', 'nuit'),
   ('2013-6-18', 'Alpes', 'matin'),
   ('2013-6-18', 'Alpes', 'après-midi'),
   ('2013-6-18', 'Alpes', 'soirée'),
   ('2013-6-18', 'Alpes', 'nuit'),
   ('2013-6-19', 'Compiègne', 'matin'),
   ('2013-6-19', 'Compiègne', 'après-midi'),
   ('2013-6-19', 'Compiègne', 'soirée'),
   ('2013-6-19', 'Compiègne', 'nuit'),
   ('2013-6-19', 'Paris', 'matin'),
   ('2013-6-19', 'Paris', 'après-midi'),
   ('2013-6-19', 'Paris', 'soirée'),
   ('2013-6-19', 'Paris', 'nuit'),
   ('2013-6-19', 'Brest', 'matin'),
   ('2013-6-19', 'Brest', 'après-midi'),
   ('2013-6-19', 'Brest', 'soirée'),
   ('2013-6-19', 'Brest', 'nuit'),
   ('2013-6-19', 'Jura', 'matin'),
   ('2013-6-19', 'Jura', 'après-midi'),
   ('2013-6-19', 'Jura', 'soirée'),
   ('2013-6-19', 'Jura', 'nuit'),
   ('2013-6-19', 'Alpes', 'matin'),
   ('2013-6-19', 'Alpes', 'après-midi'),
   ('2013-6-19', 'Alpes', 'soirée'),
   ('2013-6-19', 'Alpes', 'nuit');

INSERT INTO tPrevision (datePrevision, description, nom, periode, ressenti, temp, typePrevision) VALUES
   ('2013-6-16', 'RAS', 'Compiègne', 'matin', '16', '16', 'température'),
   ('2013-6-16', 'RAS', 'Compiègne', 'après-midi', '16', '16', 'température'),
   ('2013-6-16', 'RAS', 'Compiègne', 'soirée', '15', '15', 'température'),
   ('2013-6-16', 'RAS', 'Compiègne', 'nuit', '12', '12', 'température'),
   ('2013-6-16', 'RAS', 'Paris', 'matin', '19', '19', 'température'),
   ('2013-6-16', 'RAS', 'Paris', 'après-midi', '17', '17', 'température'),
   ('2013-6-16', 'RAS', 'Paris', 'soirée', '20', '20', 'température'),
   ('2013-6-16', 'RAS', 'Paris', 'nuit', '21', '21', 'température'),
   ('2013-6-16', 'RAS', 'Brest', 'matin', '11', '11', 'température'),
   ('2013-6-16', 'RAS', 'Brest', 'après-midi', '11', '11', 'température'),
   ('2013-6-16', 'RAS', 'Brest', 'soirée', '9', '9', 'température'),
   ('2013-6-16', 'RAS', 'Brest', 'nuit', '9', '9', 'température'),
   ('2013-6-16', 'RAS', 'Jura', 'matin', '10', '10', 'température'),
   ('2013-6-16', 'RAS', 'Jura', 'après-midi', '13', '13', 'température'),
   ('2013-6-16', 'RAS', 'Jura', 'soirée', '10', '10', 'température'),
   ('2013-6-16', 'RAS', 'Jura', 'nuit', '11', '11', 'température'),
   ('2013-6-16', 'RAS', 'Alpes', 'matin', '10', '10', 'température'),
   ('2013-6-16', 'RAS', 'Alpes', 'après-midi', '9', '9', 'température'),
   ('2013-6-16', 'RAS', 'Alpes', 'soirée', '8', '8', 'température'),
   ('2013-6-16', 'RAS', 'Alpes', 'nuit', '8', '8', 'température'),
   ('2013-6-17', 'RAS', 'Compiègne', 'matin', '14', '14', 'température'),
   ('2013-6-17', 'RAS', 'Compiègne', 'après-midi', '15', '15', 'température'),
   ('2013-6-17', 'RAS', 'Compiègne', 'soirée', '14', '14', 'température'),
   ('2013-6-17', 'RAS', 'Compiègne', 'nuit', '13', '13', 'température'),
   ('2013-6-17', 'RAS', 'Paris', 'matin', '19', '19', 'température'),
   ('2013-6-17', 'RAS', 'Paris', 'après-midi', '20', '20', 'température'),
   ('2013-6-17', 'RAS', 'Paris', 'soirée', '20', '20', 'température'),
   ('2013-6-17', 'RAS', 'Paris', 'nuit', '20', '20', 'température'),
   ('2013-6-17', 'RAS', 'Brest', 'matin', '10', '10', 'température'),
   ('2013-6-17', 'RAS', 'Brest', 'après-midi', '10', '10', 'température'),
   ('2013-6-17', 'RAS', 'Brest', 'soirée', '11', '11', 'température'),
   ('2013-6-17', 'RAS', 'Brest', 'nuit', '9', '9', 'température'),
   ('2013-6-17', 'RAS', 'Jura', 'matin', '12', '12', 'température'),
   ('2013-6-17', 'RAS', 'Jura', 'après-midi', '11', '11', 'température'),
   ('2013-6-17', 'RAS', 'Jura', 'soirée', '11', '11', 'température'),
   ('2013-6-17', 'RAS', 'Jura', 'nuit', '13', '13', 'température'),
   ('2013-6-17', 'RAS', 'Alpes', 'matin', '9', '9', 'température'),
   ('2013-6-17', 'RAS', 'Alpes', 'après-midi', '7', '7', 'température'),
   ('2013-6-17', 'RAS', 'Alpes', 'soirée', '8', '8', 'température'),
   ('2013-6-17', 'RAS', 'Alpes', 'nuit', '8', '8', 'température'),
   ('2013-6-18', 'RAS', 'Compiègne', 'matin', '14', '14', 'température'),
   ('2013-6-18', 'RAS', 'Compiègne', 'après-midi', '14', '14', 'température'),
   ('2013-6-18', 'RAS', 'Compiègne', 'soirée', '15', '15', 'température'),
   ('2013-6-18', 'RAS', 'Compiègne', 'nuit', '16', '16', 'température'),
   ('2013-6-18', 'RAS', 'Paris', 'matin', '20', '20', 'température'),
   ('2013-6-18', 'RAS', 'Paris', 'après-midi', '21', '21', 'température'),
   ('2013-6-18', 'RAS', 'Paris', 'soirée', '20', '20', 'température'),
   ('2013-6-18', 'RAS', 'Paris', 'nuit', '19', '19', 'température'),
   ('2013-6-18', 'RAS', 'Brest', 'matin', '10', '10', 'température'),
   ('2013-6-18', 'RAS', 'Brest', 'après-midi', '10', '10', 'température'),
   ('2013-6-18', 'RAS', 'Brest', 'soirée', '10', '10', 'température'),
   ('2013-6-18', 'RAS', 'Brest', 'nuit', '11', '11', 'température'),
   ('2013-6-18', 'RAS', 'Jura', 'matin', '12', '12', 'température'),
   ('2013-6-18', 'RAS', 'Jura', 'après-midi', '10', '10', 'température'),
   ('2013-6-18', 'RAS', 'Jura', 'soirée', '12', '12', 'température'),
   ('2013-6-18', 'RAS', 'Jura', 'nuit', '11', '11', 'température'),
   ('2013-6-18', 'RAS', 'Alpes', 'matin', '8', '8', 'température'),
   ('2013-6-18', 'RAS', 'Alpes', 'après-midi', '8', '8', 'température'),
   ('2013-6-18', 'RAS', 'Alpes', 'soirée', '8', '8', 'température'),
   ('2013-6-18', 'RAS', 'Alpes', 'nuit', '8', '8', 'température'),
   ('2013-6-19', 'RAS', 'Compiègne', 'matin', '15', '15', 'température'),
   ('2013-6-19', 'RAS', 'Compiègne', 'après-midi', '16', '16', 'température'),
   ('2013-6-19', 'RAS', 'Compiègne', 'soirée', '13', '13', 'température'),
   ('2013-6-19', 'RAS', 'Compiègne', 'nuit', '14', '14', 'température'),
   ('2013-6-19', 'RAS', 'Paris', 'matin', '18', '18', 'température'),
   ('2013-6-19', 'RAS', 'Paris', 'après-midi', '17', '17', 'température'),
   ('2013-6-19', 'RAS', 'Paris', 'soirée', '20', '20', 'température'),
   ('2013-6-19', 'RAS', 'Paris', 'nuit', '20', '20', 'température'),
   ('2013-6-19', 'RAS', 'Brest', 'matin', '10', '10', 'température'),
   ('2013-6-19', 'RAS', 'Brest', 'après-midi', '10', '10', 'température'),
   ('2013-6-19', 'RAS', 'Brest', 'soirée', '11', '11', 'température'),
   ('2013-6-19', 'RAS', 'Brest', 'nuit', '10', '10', 'température'),
   ('2013-6-19', 'RAS', 'Jura', 'matin', '12', '12', 'température'),
   ('2013-6-19', 'RAS', 'Jura', 'après-midi', '12', '12', 'température'),
   ('2013-6-19', 'RAS', 'Jura', 'soirée', '10', '10', 'température'),
   ('2013-6-19', 'RAS', 'Jura', 'nuit', '11', '11', 'température'),
   ('2013-6-19', 'RAS', 'Alpes', 'matin', '9', '9', 'température'),
   ('2013-6-19', 'RAS', 'Alpes', 'après-midi', '8', '8', 'température'),
   ('2013-6-19', 'RAS', 'Alpes', 'soirée', '9', '9', 'température'),
   ('2013-6-19', 'RAS', 'Alpes', 'nuit', '7', '7', 'température');

INSERT INTO tPrevision (datePrevision, description, direction, force, nom, periode, typePrevision) VALUES
   ('2013-6-16', 'RAS', 'S', '0', 'Compiègne', 'matin', 'vent'),
   ('2013-6-16', 'RAS', 'S', '1', 'Compiègne', 'après-midi', 'vent'),
   ('2013-6-16', 'RAS', 'S', '3', 'Compiègne', 'soirée', 'vent'),
   ('2013-6-16', 'RAS', 'S', '2', 'Compiègne', 'nuit', 'vent'),
   ('2013-6-16', 'RAS', 'N', '1', 'Paris', 'matin', 'vent'),
   ('2013-6-16', 'RAS', 'O', '2', 'Paris', 'après-midi', 'vent'),
   ('2013-6-16', 'RAS', 'E', '0', 'Paris', 'soirée', 'vent'),
   ('2013-6-16', 'RAS', 'N', '0', 'Paris', 'nuit', 'vent'),
   ('2013-6-16', 'RAS', 'O', '6', 'Brest', 'matin', 'vent'),
   ('2013-6-16', 'RAS', 'O', '7', 'Brest', 'après-midi', 'vent'),
   ('2013-6-16', 'RAS', 'O', '4', 'Brest', 'soirée', 'vent'),
   ('2013-6-16', 'RAS', 'N', '6', 'Brest', 'nuit', 'vent'),
   ('2013-6-16', 'RAS', 'N', '4', 'Jura', 'matin', 'vent'),
   ('2013-6-16', 'RAS', 'E', '4', 'Jura', 'après-midi', 'vent'),
   ('2013-6-16', 'RAS', 'S', '3', 'Jura', 'soirée', 'vent'),
   ('2013-6-16', 'RAS', 'S', '5', 'Jura', 'nuit', 'vent'),
   ('2013-6-16', 'RAS', 'S', '5', 'Alpes', 'matin', 'vent'),
   ('2013-6-16', 'RAS', 'E', '5', 'Alpes', 'après-midi', 'vent'),
   ('2013-6-16', 'RAS', 'S', '4', 'Alpes', 'soirée', 'vent'),
   ('2013-6-16', 'RAS', 'O', '7', 'Alpes', 'nuit', 'vent'),
   ('2013-6-17', 'RAS', 'N', '3', 'Compiègne', 'matin', 'vent'),
   ('2013-6-17', 'RAS', 'S', '1', 'Compiègne', 'après-midi', 'vent'),
   ('2013-6-17', 'RAS', 'S', '0', 'Compiègne', 'soirée', 'vent'),
   ('2013-6-17', 'RAS', 'E', '2', 'Compiègne', 'nuit', 'vent'),
   ('2013-6-17', 'RAS', 'O', '2', 'Paris', 'matin', 'vent'),
   ('2013-6-17', 'RAS', 'N', '1', 'Paris', 'après-midi', 'vent'),
   ('2013-6-17', 'RAS', 'O', '3', 'Paris', 'soirée', 'vent'),
   ('2013-6-17', 'RAS', 'N', '1', 'Paris', 'nuit', 'vent'),
   ('2013-6-17', 'RAS', 'O', '5', 'Brest', 'matin', 'vent'),
   ('2013-6-17', 'RAS', 'S', '6', 'Brest', 'après-midi', 'vent'),
   ('2013-6-17', 'RAS', 'N', '6', 'Brest', 'soirée', 'vent'),
   ('2013-6-17', 'RAS', 'S', '3', 'Brest', 'nuit', 'vent'),
   ('2013-6-17', 'RAS', 'S', '4', 'Jura', 'matin', 'vent'),
   ('2013-6-17', 'RAS', 'N', '4', 'Jura', 'après-midi', 'vent'),
   ('2013-6-17', 'RAS', 'E', '3', 'Jura', 'soirée', 'vent'),
   ('2013-6-17', 'RAS', 'S', '5', 'Jura', 'nuit', 'vent'),
   ('2013-6-17', 'RAS', 'E', '4', 'Alpes', 'matin', 'vent'),
   ('2013-6-17', 'RAS', 'N', '4', 'Alpes', 'après-midi', 'vent'),
   ('2013-6-17', 'RAS', 'E', '4', 'Alpes', 'soirée', 'vent'),
   ('2013-6-17', 'RAS', 'S', '2', 'Alpes', 'nuit', 'vent'),
   ('2013-6-18', 'RAS', 'S', '0', 'Compiègne', 'matin', 'vent'),
   ('2013-6-18', 'RAS', 'E', '2', 'Compiègne', 'après-midi', 'vent'),
   ('2013-6-18', 'RAS', 'N', '0', 'Compiègne', 'soirée', 'vent'),
   ('2013-6-18', 'RAS', 'N', '0', 'Compiègne', 'nuit', 'vent'),
   ('2013-6-18', 'RAS', 'E', '2', 'Paris', 'matin', 'vent'),
   ('2013-6-18', 'RAS', 'O', '0', 'Paris', 'après-midi', 'vent'),
   ('2013-6-18', 'RAS', 'S', '1', 'Paris', 'soirée', 'vent'),
   ('2013-6-18', 'RAS', 'S', '0', 'Paris', 'nuit', 'vent'),
   ('2013-6-18', 'RAS', 'O', '5', 'Brest', 'matin', 'vent'),
   ('2013-6-18', 'RAS', 'N', '6', 'Brest', 'après-midi', 'vent'),
   ('2013-6-18', 'RAS', 'N', '4', 'Brest', 'soirée', 'vent'),
   ('2013-6-18', 'RAS', 'E', '5', 'Brest', 'nuit', 'vent'),
   ('2013-6-18', 'RAS', 'S', '3', 'Jura', 'matin', 'vent'),
   ('2013-6-18', 'RAS', 'S', '4', 'Jura', 'après-midi', 'vent'),
   ('2013-6-18', 'RAS', 'E', '3', 'Jura', 'soirée', 'vent'),
   ('2013-6-18', 'RAS', 'N', '3', 'Jura', 'nuit', 'vent'),
   ('2013-6-18', 'RAS', 'N', '6', 'Alpes', 'matin', 'vent'),
   ('2013-6-18', 'RAS', 'E', '4', 'Alpes', 'après-midi', 'vent'),
   ('2013-6-18', 'RAS', 'O', '4', 'Alpes', 'soirée', 'vent'),
   ('2013-6-18', 'RAS', 'E', '4', 'Alpes', 'nuit', 'vent'),
   ('2013-6-19', 'RAS', 'N', '3', 'Compiègne', 'matin', 'vent'),
   ('2013-6-19', 'RAS', 'O', '1', 'Compiègne', 'après-midi', 'vent'),
   ('2013-6-19', 'RAS', 'S', '1', 'Compiègne', 'soirée', 'vent'),
   ('2013-6-19', 'RAS', 'N', '2', 'Compiègne', 'nuit', 'vent'),
   ('2013-6-19', 'RAS', 'N', '1', 'Paris', 'matin', 'vent'),
   ('2013-6-19', 'RAS', 'E', '1', 'Paris', 'après-midi', 'vent'),
   ('2013-6-19', 'RAS', 'N', '2', 'Paris', 'soirée', 'vent'),
   ('2013-6-19', 'RAS', 'N', '1', 'Paris', 'nuit', 'vent'),
   ('2013-6-19', 'RAS', 'O', '5', 'Brest', 'matin', 'vent'),
   ('2013-6-19', 'RAS', 'E', '5', 'Brest', 'après-midi', 'vent'),
   ('2013-6-19', 'RAS', 'N', '7', 'Brest', 'soirée', 'vent'),
   ('2013-6-19', 'RAS', 'E', '7', 'Brest', 'nuit', 'vent'),
   ('2013-6-19', 'RAS', 'O', '3', 'Jura', 'matin', 'vent'),
   ('2013-6-19', 'RAS', 'O', '3', 'Jura', 'après-midi', 'vent'),
   ('2013-6-19', 'RAS', 'O', '2', 'Jura', 'soirée', 'vent'),
   ('2013-6-19', 'RAS', 'E', '3', 'Jura', 'nuit', 'vent'),
   ('2013-6-19', 'RAS', 'E', '4', 'Alpes', 'matin', 'vent'),
   ('2013-6-19', 'RAS', 'N', '4', 'Alpes', 'après-midi', 'vent'),
   ('2013-6-19', 'RAS', 'S', '5', 'Alpes', 'soirée', 'vent'),
   ('2013-6-19', 'RAS', 'S', '3', 'Alpes', 'nuit', 'vent');

INSERT INTO tPrevision (datePrevision, description, hauteur, nom, periode, typePrecipitation, typePrevision) VALUES
   ('2013-6-16', 'RAS', '1', 'Paris', 'soirée', 'pluie', 'précipitations'),
   ('2013-6-16', 'RAS', '2', 'Paris', 'nuit', 'pluie', 'précipitations'),
   ('2013-6-16', 'RAS', '8', 'Brest', 'matin', 'pluie', 'précipitations'),
   ('2013-6-16', 'RAS', '8', 'Brest', 'nuit', 'pluie', 'précipitations'),
   ('2013-6-17', 'RAS', '8', 'Compiègne', 'après-midi', 'pluie', 'précipitations'),
   ('2013-6-17', 'RAS', '5', 'Alpes', 'matin', 'pluie', 'précipitations'),
   ('2013-6-18', 'RAS', '10', 'Compiègne', 'après-midi', 'pluie', 'précipitations'),
   ('2013-6-18', 'RAS', '9', 'Compiègne', 'nuit', 'pluie', 'précipitations'),
   ('2013-6-18', 'RAS', '9', 'Brest', 'matin', 'pluie', 'précipitations'),
   ('2013-6-18', 'RAS', '8', 'Brest', 'nuit', 'pluie', 'précipitations'),
   ('2013-6-18', 'RAS', '3', 'Jura', 'matin', 'pluie', 'précipitations'),
   ('2013-6-18', 'RAS', '5', 'Alpes', 'matin', 'pluie', 'précipitations'),
   ('2013-6-19', 'RAS', '10', 'Compiègne', 'soirée', 'pluie', 'précipitations'),
   ('2013-6-19', 'RAS', '9', 'Compiègne', 'nuit', 'pluie', 'précipitations'),
   ('2013-6-19', 'RAS', '1', 'Paris', 'nuit', 'pluie', 'précipitations'),
   ('2013-6-19', 'RAS', '5', 'Jura', 'soirée', 'pluie', 'précipitations'),
   ('2013-6-19', 'RAS', '3', 'Alpes', 'après-midi', 'pluie', 'précipitations');
